"selection1_name","selection1_selection2","selection1_selection5"
"","Ce center parcs est de loin un des plus grand que j‚Äôai vu ... c‚Äô√©tait mon 4√®me... Tr√®s √©cologique conforme √† la description... Propre B√©mols : trop de petites voitures √©lectriques qui circulent partout pourtant pas donn√©es ! Pas assez √©clair√© au retour de la...Plus","Date du s√©jour : janvier 2019"
"","Seconde fois que nous venons au Center Parcs des 3 for√™ts √† un an d'interval. Nous prenons un cottage VIP avec s√©lection de l'emplacement pour choisir un cottage avec un sauna plut√¥t qu'un hammam (question de go√ªt !) Et pour √™tre pas trop loin de...Plus","Date du s√©jour : septembre 2018"
"","un merveilleux s√©jour de nouveau √† center parcs et nous y retournerons!!!l'aqua Mundo est globalement tr√®s bien structur√© ,le coin enfant est g√©nial !!! les tobogans √† bou√©e sont supers!!!et surtout l'attente est plut√¥t rapide avec un parc archi complet!!","Date du s√©jour : janvier 2019"
"","horaire des toboggans √† bou√©e verte trop restreint, voir ferm√©.trop de monde √† la rivi√®re sauvage, il manque un r√©gulateur.beaucoup de vestiaire dont les portes ne ferment pas.Aqua speed pas disponible le lundi.","Date du s√©jour : janvier 2019"
"","Excellent s√©jour en famille avec les petits enfants qui √©taient enchant√©s de ce s√©jour et ont h√¢te d‚Äôy retourner peut √™tre au printemps ou √©t√© pour profiter des activit√©s ext√©rieures üòòüòò aires de jeu, p√©dalos grandes ballades Si possible avec un cottage plus proche de...Plus","Date du s√©jour : janvier 2019"
"","Malgr√© la p√©riode faste des vacances scolaires le personnel se met √† l'√©coute et la disposition des clients afin de trouver des solutions et sublimer le s√©jour.Les cottages exclusives sont juste magiques !","Date du s√©jour : janvier 2019"
"","- Lors de notre arriv√©e, le m√©nage n'√©tait pas fait. Vaisselle sale, sol sale (ni aspir√©, ni lav√©). Il y avait des aliments, des papiers qui tra√Ænaient sur le sol. On y a m√™me trouv√© une bouteille vide. Ceci dans plusieurs pi√®ces. Dans une des...Plus","Date du s√©jour : d√©cembre 2018"
"","Nous avons pass√© un tr√®s agr√©able s√©jour en famille. Les activit√©s sont tr√®s diverses ce qui pla√Æt √† toute la famille. Beaucoup d'animation sont propos√©s et le personnel est tr√®s sympathique. Nous repartirons volontiers","Date du s√©jour : janvier 2019"
"","S√©jour agr√©able et reposant en famille comme tous les ans √† nouvel an, amusement et d√©tente au programme et cocooning dans le cottage, tout ce que nous appr√©cions √† Center Parcs en hiver.Nous appr√©cions le calme et la nature du parc, les piscines et la...Plus","Date du s√©jour : d√©cembre 2018"
"","Le lieu est calme et reposant. Le logement dispose de toutes les commodit√©s, est spacieux et propre. Malheureusement, la bulle (1428 personnes quand nous y sommes all√©s) atteint ses limites en hiver lorsque les activit√©s ext√©rieures sont moins fr√©quent√©es, ce qui laisse peu de place...Plus","Date du s√©jour : d√©cembre 2018"
"","Nous y sommes rest√©s en s√©jour de 3 jours du vendredi au dimanche. Chaque jour nous avons √©t√© √† la piscine, le parc des 3 for√™ts est g√©nial et l'Aqua Mundo est du m√™me niveau, c'est super avec des grands toboggans, Eau 29 degr√©s, Air...Plus","Date du s√©jour : janvier 2019"
"","Nous revenons d un s√©jour de 3 jours cottage 919 premium vente privee. Le cottage √©tait nickel en tr√®s bon √©tat et tr√®s propre ! J avais tr√®s peur vu les commentaires. Malgr√© la neige et le froid nous avons pu faire du v√©lo aqua...Plus","Date du s√©jour : janvier 2019"
"","Pour la deuxi√®me fois nous avons d√©cid√©s de passer 5 jours au center parc des Trois for√™ts...√† la vue du prix et des 4 √©toiles annonc√©es (mais valables jusqu'en 2017...!) Nous avons √©t√© plus que d√©√ßus. Le cottage confort d√®s le premier jour a d√©voil√©...Plus","Date du s√©jour : janvier 2019"
"","Cher client, Je vous remercie d‚Äôavoir fait le choix de d√©couvrir notre domaine des Trois For√™ts lors de votre r√©cent s√©jour dans les Vosges. Je regrette de constater votre d√©ception √† travers votre commentaire partag√© avec la communaut√© TripAdvisor. Je souhaite tout d‚Äôabord revenir sur...Plus","Date du s√©jour : d√©cembre 2018"
"","nous avons lou√© 2 cottages c√¥te √† c√¥te tout √©tait tr√®s bien. un peu trop de monde en piscine et des gens venus √† la journ√©e mangent leur pique-niques au bord de l'eau c'est d√©cevant (c'est sale et √ßa sent mauvais). des touristes ne jouent...Plus","Date du s√©jour : d√©cembre 2018"
"","bons moments en famille et dans la nature. Attention √† la propret√© du logement et √† l'entretien du mobilier et de la vaisselle du cottage qui laissent √† d√©sirer.... dommage car le lieu est r√©ellement d√©paysant","Date du s√©jour : janvier 2019"
"","Plus","Date du s√©jour : janvier 2019"
"","Cher client, Merci d‚Äôavoir choisi notre domaine pour votre s√©jour ressour√ßant au c≈ìur de la nature. Je viens de prendre connaissance de votre retour d‚Äôexp√©rience et je souhaite revenir sur les remarques que vous avez √©voqu√©. Tout d‚Äôabord, au nom de l‚Äô√©quipe de nettoyage, je...Plus","Date du s√©jour : janvier 2019"
"","Plus","Date du s√©jour : d√©cembre 2018"
"","Une cuisine petite, avec un micro-onde haut perch√© et pas de four ! Tout est fait pour d√©penser sans compter... Nous sommes venus √† 10 (8 adultes, 2 enfants), aux 3 for√™ts... Inutile de dire que la note monte tr√®s vite, si vous n'y prenez...Plus","Date du s√©jour : janvier 2019"
"","On s'attendait √† mieux par rapport au prix qu'on paie pour 5 jours. De nombreux jeux HS, bowling d√©faillant, service au bar du bowling d√©faillant, √©clairage ext√©rieur inexistant dans certaines zones, toiles et araign√©es dans le cottage, mur √† r√©parer dans la SDB, nombreux casiers...Plus","Date du s√©jour : janvier 2019"
"","Cher Laurent, Je regrette sinc√®rement que vous ayez √©t√© d√©√ßu de l‚Äôentretien de nos infrastructures. Je tiens toutefois √† vous assurer sur le faite que 2019 sera une ann√©e de r√©novation au sein de notre parc. De plus, soyez assur√© que des √©quipes sp√©cialis√©es entretiennent...Plus","Date du s√©jour : janvier 2019"
"","Un an apr√®s notre 1er passage dans ce Center Parcs dont nous avions vent√© les m√©rites et services, nous somme face √† un d√©senchantement complet 1 an plus tard. Plus de 3 semaines inaccessibilit√© du site internet pour la validation et confirmations de notre lodge...Plus","Date du s√©jour : d√©cembre 2018"
"","Supers moments conviviaux en famille. On laisse de c√¥t√© nos probl√®mes et on ne pense qu'√† s'amuser et √† rire dans un endroit merveilleux bien pens√© et bien s√©curis√©. On ne peut que recommander, et Center Parcs n'est pas recommand√© que si l'on a des...Plus","Date du s√©jour : janvier 2019"
"","Super s√©jour reposant. Parc g√©nial pour les enfants. Environnement magnifique. Rien a redire. Bien s√ªr les activit√©s sont cher mais on est pas oblig√© de faire ce qui est payant y a vraiment de quoi s occuper.","Date du s√©jour : d√©cembre 2018"
"","Bonjour, Je regrette sinc√®rement de voir que diff√©rents points n√©gatifs sont venus nuire √† la qualit√© de votre s√©jour. Je suis vraiment d√©sol√©e que notre service de restauration ne soit pas √† la hauteur de vos attentes, sachez que nos √©quipes font le maximum pour...Plus","Date du s√©jour : janvier 2019"
"","Tr√©s beau s√©jour pour profitez de la famille, de la nature.La cerise: Les biches pr√©s du cottage le matin, comme sur les d√©pliants.Site tr√©s propre, Aquamundo tr√©s agr√©able et tr√©s bien pour la famille nos 2 gar√ßons (9 et 11 ans )se sont amus√©s avec...Plus","Date du s√©jour : d√©cembre 2018"
"","Cher client, Je regrette sinc√®rement de lire votre d√©ception et vous comprend pleinement. Je suis navr√©e d‚Äôapprendre que vous n‚Äôayez pas √©t√© pr√©venu en amont en ce qui concerne la vidange annuelle et m‚Äôen excuse vivement. Toutefois celle-ci √©tant obligatoire une fois par an nous...Plus","Date du s√©jour : d√©cembre 2018"
"","cottage tres sale vaisselle pas lav√©e lit cass√©e cefetiere cass√©e lave vaisselle d√©fectueux r√©par√©e par nous meme porte papier toilette cass√© papier chocolat sous lit joint baie vitr√©e arrach√© sang sur housse de matelas (2) morve sur taie d' oreiiller","Date du s√©jour : d√©cembre 2018"
"","Nous avons √©t√©s un peu d√©√ßu de ce center parc un peu vieillissant.L' entretien des cottages laisse un peu √† d√©sirer.Attente de 45 minutes pour √™tre servis (manque de personnels et responsable tr√®s d√©sagr√©able)Heureusement le directeur est venu s'excuser Par contre le cadre est superbe...Plus","Date du s√©jour : d√©cembre 2018"
"","tr√®s bon endroit pour d√©compresser, changer d'air, √™tre dans le calme, pas g√®n√©s par les automobiles, je reviendrai avec ma famille mais en √©t√© ou au printemps.nous avons √©norm√©ment appr√©cier l'amabilit√© du personnel et sa politesse.Nous avons juste un reproche √† faire c'est sur la...Plus","Date du s√©jour : d√©cembre 2018"
"","trop de voiturettes √©lectrique. le bus, pour un domaine nature...bof et la propret√© des cottages moyenne. Sinon center parcs c'est toujours relaxant mais pas √† la port√©e de toutes les bourses‚Ä¶ dommage.","Date du s√©jour : d√©cembre 2018"
"","Tr√®s bon sejo√ªr hormis la t√©l√© cass√©e tout le week end . Parc tr√®s propre chauffage qui marche bien . Manque de navette qui passe que toute les heures. Le quick dans la piscine c est top avec les enfants","Date du s√©jour : d√©cembre 2018"
"","Plus","Date du s√©jour : d√©cembre 2018"
"","Magnifique s√©jour dans un d√©cor f√©erique. Confort assur√©, ambiance festive, tout pour r√©ussir une semaine de vacances pour petits et grands. Superbe exp√©rience √† renouveler sans mod√©ration. L'id√©al c'est de le faire √† chaque saison pour profiter un maximum de la magnifique nature environnante.","Date du s√©jour : d√©cembre 2018"
"","Nous avons s√©journ√©s 6 nuits fin d√©cembre, apr√®s No√´l. En saison haute comme c'√©tait le cas pour nous, franchement nous n'irons plus! - Premier cottage: une lampe cass√©e, une plainte ""volante"" dans la cuisine mais surtout, 7 degr√©s dans le logement!! La chaudi√®re est HS,...Plus","Date du s√©jour : d√©cembre 2018"
"","Sympathique Mais tout es payant que le prix des nuits et d√©j√† pas mal cher 3 nuits 1500 e et toutes activit√©s payantes .Et pas √† prix r√©duit non plus. Pas assez d information au d√©part dommage. Mobylhome a th√®me tr√®s joli .","Date du s√©jour : d√©cembre 2018"
"","Excellent s√©jour en famille au parc des Trois For√™ts superbement adapt√© pour cette p√©riode de f√™tes hivernales bien √©quip√© et bien chauff√© animations pour petits et grands, visite du p√®re Noel, le r√™ve, excellent cadeau de fin d'ann√©e.","Date du s√©jour : d√©cembre 2018"
"","Tres bon s√©jour, la qualit√© du logement premium et de la pension sont tops (qualit√© et quantit√© !!!), le personnel sympatique et r√©actif! Tranquillit√© et deconnexion malgr√© que le parc √† cette periode soit archi plein!","Date du s√©jour : d√©cembre 2018"
"","les ++emplacement id√©al au centre de la for√™t, domaine silencieux, cottages tr√®s bien √©quip√©s et propresle delivery serviceles --le prix trop √©lev√©, le manque d'informations √† l'arriv√©e et un manque d'activit√© pour les enfants (airs de jeux pour enfants dans le domaine)vestiaires de l'aqua mundo...Plus","Date du s√©jour : d√©cembre 2018"
"","un grand parc tres bien int√©gr√© dans la nature , c""est ce que ce parc propose.Si vous aimez marcher , vous d√©tendre en dehors ou dans l'eau, ce parc vous plaira. voir des daims , des biches pr√®s de votre terrasse est toujours un moment...Plus","Date du s√©jour : d√©cembre 2018"
"","","Date du s√©jour : d√©cembre 2018"
"","Plus","Date du s√©jour : d√©cembre 2018"
"","Plus","Date du s√©jour : d√©cembre 2018"
"","Plus","Date du s√©jour : d√©cembre 2018"
"","tr√®s bien dans l'ensemble mais tarif assez √©lev√© pour un s√©jour de ce type.La location est assez ch√®re en p√©riode scolaire, et les activit√©s sont tout de m√™me un peu hors de prix (30 Euros pour le paintball par exemple pour une parti qui a...Plus","Date du s√©jour : d√©cembre 2018"
"","En chaise roulante l'acc√®s au centre pourrait √™tre am√©lior√© depuis le cottage 709 difficile d'acc√®s au d√¥me, la propret√© de la terrasse √©tait m√©diocre.En famille c'est une belle exp√©rienceA voir lors de notre prochain s√©jour","Date du s√©jour : d√©cembre 2018"
"","Ch√®re Joelle, Je vous remercie d‚Äôavoir s√©journ√© dans notre domaine Les Trois For√™ts et d‚Äôavoir partag√© votre exp√©rience avec la communaut√© TripAdvisor. Je regrette toutefois de constater votre insatisfaction et souhaite revenir sur certains points ayant impact√© le bon d√©roul√© de votre s√©jour. Je regrette...Plus","Date du s√©jour : d√©cembre 2018"
"","Center parcs en famille encore une fois pour No√´l. Notre cottage bien situ√© 363 mais moins bien que d'autre part 6 places comfort car manquait une porte pour s√©parer les chambres du salon. Propret√© le minimum avait √©t√© fait. Bar du bowling quand on veut...Plus","Date du s√©jour : d√©cembre 2018"
"","Suite √† mon s√©jour du 24 au 28 d√©cembre 2018 je tiens √† signaler sachant que je suis dans la restauration depuis l'√¢ge de 14 ans et demi contr√¥le j'ai fait un palace pendant 9 ans et j'ai appris mon m√©tier dans un macaron Michelin...Plus","Date du s√©jour : d√©cembre 2018"
"","Cottage VIP tr√®s bien agenc√© mais un peu vieillissant : parquet us√© et d√©coll√©, table √† manger abim√©e‚Ä¶. peu de mat√©riels en cuisine et surtout bien us√©s. R√©glage climatisation al√©atoire et nombreuses ampoules grill√©es‚Ä¶.Cela dit propret√© et situation du cottage irr√©prochable.","Date du s√©jour : d√©cembre 2018"
"","Nous √©tions dans le cottage aventure, deco et confort g√©nial. Un b√©mol pour la plaque de cuisson et le r√©glage du chauffage que nous n‚Äôa Pas r√©ussi √† faire fonctionner facilement. Le complexe est immense nous n‚Äô avons Pas pu tout visiter car nous avons...Plus","Date du s√©jour : d√©cembre 2018"
"","Endroit sympathique et convivial une v√©ritable bouff√©e d oxyg√®ne id√©ale pour d√©connecter et partager un moment en famille. Avec un petit effort sur l'√©quipement de la cuisine et le m√©nage et on frolerait la perfection.","Date du s√©jour : d√©cembre 2018"
"","C‚Äôest notre deuxi√®me s√©jours en famille dans le domaine , le premier cette √©t√© et puis ce week end ... Tarif top pour un cottage vip 6 personnes 399‚Ç¨ (via vente priv√©e )+ 49‚Ç¨ pour choisir un cottage proche du centre , sauna , lit...Plus","Date du s√©jour : d√©cembre 2018"
"","","Date du s√©jour : d√©cembre 2018"
"","Plus","Date du s√©jour : d√©cembre 2018"
"","Plus","Date du s√©jour : d√©cembre 2018"
"","tout √©tait bien, ce fut une tr√®s bonne surprise, du cottage au personnel temp√©rature id√©ale de la piscine, personnel disponible et comp√®tent, respect de la nature et de l'environnement, un lieu id√©al pour des vacances en famille, nous √©tions 11","Date du s√©jour : d√©cembre 2018"
"","Plus","Date du s√©jour : d√©cembre 2018"
"","Ne pas prendre d‚Äôoptions lors de la r√©sa car non r√©alis√©es √† l‚Äôarriv√©e et du coup grosse gal√®re pour obtenir un d√©dommagement voir pas !Exemple le kit lits fait √† l‚Äôarriv√©e, serviettes de toilette, gel douche !!!! Ah ah ah rien de tout √ßa √†...Plus","Date du s√©jour : d√©cembre 2018"
"","Plus","Date du s√©jour : d√©cembre 2018"
"","Un endroit agr√©able o√π toute la famille y est bien. Cependant notre cottage etait loin d'etre parfait (surtout au vu du prix). Et le c√¥t√© ""sans voiture"" est malheureusement g√¢ch√© par √©norm√©ment de voiturettes √©lectriques. Tout de m√™me un moment magique : une biche est...Plus","Date du s√©jour : d√©cembre 2018"
"","Bonjour, Je suis navr√©e d‚Äôapprendre votre m√©contentement suite √† votre s√©jour au Domaine des Trois For√™ts. Je suis vraiment d√©sol√©e que vous ayez eu le sentiment de devoir tout le temps payer des prestations, cela n‚Äôest pourtant pas du tout notre intention. En effet, selon...Plus","Date du s√©jour : d√©cembre 2018"
"","un r√©veillon de No√´l inoubliable,un lieu magique et un personnel √† l'√©coute ! un chalet VIP top de chez top avec bain √† bulles et sauna ! une vari√©t√© de menus dans les divers restaurants et l'aqua mundo avec son eau √† 30¬∞ et son...Plus","Date du s√©jour : d√©cembre 2018"
"","Bonjour, Je vous remercie d‚Äôavoir s√©journ√© dans notre domaine mosellan Les Trois For√™ts et d‚Äôavoir partag√© votre exp√©rience avec la communaut√© TripAdvisor. Je regrette toutefois de lire votre d√©ception suite √† votre moment parmi nous et souhaite revenir sur certains points √©voqu√©s dans ce commentaire....Plus","Date du s√©jour : d√©cembre 2018"
"","Petite apr√®s-midi pass√©e en couple apr√®s avoir fait presque 2h de route, nous sommes repartis un peu d√©√ßus. Le cadre est tr√®s joli mais il nous a manqu√© des activit√©s aquatiques pour adulte. Les toboggans sont vraiment √† destination des enfants, ils sont un peu...Plus","Date du s√©jour : d√©cembre 2018"
"","Plus","Date du s√©jour : d√©cembre 2018"
"","Cette ann√©e nous avions choisi de passer No√´l aux Trois For√™ts, les pub du site pour No√´l √©taient encourageantes et donnaient envie. Nous avons donc pass√© No√´l du 21 au 28 d√©cembre dans ce Center Parc. Points N√©gatifs : Manque cruel de d√©coration de No√´l,...Plus","Date du s√©jour : d√©cembre 2018"
"","Bonjour, Je tiens √† vous rassurer sur le faite que vous √™tes totalement en s√©curit√© √† l‚ÄôAqua Mundo. Des √©quipes sur place veillent √† ce que tout se d√©roule bien, que tout le monde respectent les consignes afin d‚Äôassurer la s√©curit√© de tous les h√¥tes....Plus","Date du s√©jour : d√©cembre 2018"
"","S√©jour tr√®s relaxant. Le nouveau spa est excellent. Les nouveaux cottages exclusive sont tr√®s agr√©ables et la salle de bain exceptionnelle (sauna+ hammam + baignoire baln√©o double) Petit b√©mol pour l'√©tat de propret√© du cottage exclusive ..","Date du s√©jour : d√©cembre 2018"
"","","Date du s√©jour : d√©cembre 2018"
"","Bonjour cher client, Je vous remercie d‚Äôavoir s√©journ√© sur notre domaine Les Trois For√™ts et regrette de constater votre insatisfaction par rapport √† nos voiturettes ainsi qu‚Äô√† l‚Äôam√©nagement de notre parc. Il se situe dans une magnifique for√™t ayant une superficie de 435 hectares. Peut-√™tre...Plus","Date du s√©jour : d√©cembre 2018"
"","Tr√®s bon s√©jour en famille, nous avons profit√© des activit√©s de l'aqua mondo, du bowling, le cottage √©tait conforme √† nos attentes, propre et agr√©able. C'est le deuxi√®me s√©jour dans un center parcs et nous sommes bien d√©cid√© d'y retourner l'ann√©e prochaine","Date du s√©jour : d√©cembre 2018"
"","Bonjour, Tout d‚Äôabord, je souhaite vous remercier d‚Äôavoir choisi le Domaine des Trois For√™ts pour votre s√©jour en famille. Je suis cependant navr√©e de voir que votre exp√©rience parmi nous ne s‚Äôest pas d√©roul√©e comme vous l‚Äôaviez esp√©r√© et je tiens √† m‚Äôen excuser. Je...Plus","Date du s√©jour : d√©cembre 2018"
"","Cher Client, Je suis navr√©e d‚Äôapprendre votre m√©contentement suite √† votre s√©jour au Domaine des Trois For√™ts et que vous ayez eu le sentiment de devoir tout le temps payer des prestations, cela n‚Äôest pourtant pas du tout notre intention. Certains services sont inclus dans...Plus","Date du s√©jour : d√©cembre 2018"
"","Plus","Date du s√©jour : d√©cembre 2018"
"","","Date du s√©jour : d√©cembre 2018"
"","Magnifique endroit personnel agr√©able tr√®s gentille cadre de vie exceptionnelle plein d√©versement des activit√©s de tout genre pour les grands et petits calme tranquillit√© des gens de toute nationalit√© tr√®s jolie endroit convivialit√© respect le personnel au p'tit soins les chalets tout confort propre sans...Plus","Date du s√©jour : d√©cembre 2018"
"","Le vendredi tr√®s sympa l aqua Mundo puis le samedi et le dimanche infecte beaucoup trop de monde je ne comprend pas que sa ne soit pas limit√© sa devient vite √©touffant Cottage tr√®s propre et fonctionnel rien √† dire de se c√¥t√© la","Date du s√©jour : d√©cembre 2018"
"","Nous avons pass√© un super Week-end juste avant No√´l,d'habitude nous y allions en √©t√© mais je voulais profiter de l'Aqua Mundo avec les √©clairages du soir et la rivi√®re sauvage de nuit.C'est tr√®s bien aussi √† cette saison!","Date du s√©jour : d√©cembre 2018"
"","Plus","Date du s√©jour : d√©cembre 2018"
"","Cela fait plus de 10 ans que je vais √† Center Parcs au moins une fois par an mais l√† je suis oblig√© d'exprimer mon ras-le-bol ! En effet, cette ann√©e nous avons voulu tester le haut de gammer : les cottages ""Exclusive"" du domaine...Plus","Date du s√©jour : d√©cembre 2018"
"","","Date du s√©jour : d√©cembre 2018"
"","Bon s√©jour a la hauteur de nos attentes super parccenter parc 3 forets immensesla navette est un grand plusla mini ferme est chouette activit√©s enfant tople grand plus LODGE FORET moment de calme en famille","Date du s√©jour : d√©cembre 2018"
"","Bonjour, J‚Äôai lu votre avis avec beaucoup d‚Äôattention et regrette sinc√®rement de lire votre d√©ception et vous comprend pleinement. Je suis navr√©e d‚Äôapprendre que vous n‚Äôayez pas √©t√© pr√©venu en amont en ce qui concerne la vidange annuelle Toutefois celle-ci √©tant obligatoire une fois par...Plus","Date du s√©jour : d√©cembre 2018"
"","Cher client, J‚Äôai lu votre avis avec beaucoup d‚Äôattention, je suis navr√©e de constater que la propret√© de votre cottage ne r√©pondait pas √† vos attentes. Je regrette les imperfections constat√©es, sachez que nous avons pour habitude d‚Äôeffectuer de nombreux contr√¥les qualit√© de nos cottages...Plus","Date du s√©jour : d√©cembre 2018"
"","","Date du s√©jour : d√©cembre 2018"
"","Madame, Monsieur, Nous regrettons sinc√®rement que le repas de r√©veillon de No√´l n‚Äôest pas √©t√© √† la mesure de vos attentes. Soyez persuad√© que nos brigades restauration et en parfaite collaboration avec les Equipes Center Parc sont constamment mobilis√©es pour vous satisfaire. La motivation de...Plus","Date du s√©jour : d√©cembre 2018"
"","Deuxi√®me fois qu'on revient... Une fois dans un cottage conte du royaume et une fois dans un cottage standard! Nous recommandons les cottages th√©matiques pour la magie qu'ils d√©gagent le top avec des enfants...","Date du s√©jour : novembre 2018"
"","Cottage vip tr√®s confortable. Choisir l'emplacement de son logement permet de ne pas √™tre √©loign√© du d√¥me ou de la mini ferme et des activit√©s (donc ne pas louer de v√©los ou voiturette √©lectrique). Lieux communs (aquamundo, vestiaires, caf√©s et restaurants, baluba...) propres et agr√©ables....Plus","Date du s√©jour : d√©cembre 2018"
"","Nombreuses incoh√©rences entre la th√©orie et la r√©alit√©. Ce s√©jour √©tait une premi√®re pour nous. Malgr√© un cottage exclusif, de nombreux irritants sont √† d√©plor√©s tout au long de nos 5 nuits sur place. Point positif : grande gentillesse de l'ensemble du personnel sur le...Plus","Date du s√©jour : d√©cembre 2018"
"","","Date du s√©jour : d√©cembre 2018"
"","chemin√© hs four hs porte fen√™tre ferme pas nettoyage vraiment a revoir sous les meubles ( canap√© lits + sous les meubles de cuisine au dessus des meubles de la cuisine encor pire ) la prochaine fois je prend des photos","Date du s√©jour : d√©cembre 2018"
"","sur l'ensemble ce center parc est pas mal.nous pouvons circuler en voiture,donc c'est pratique compar√© a d'autres center parc ou il fallait beaucoup march√©.Nous avons quand m√™me pas mal march√© car suivant les indications pour d√©couvrir les nouvelles structures. nous avons profit√© du spa flambant...Plus","Date du s√©jour : novembre 2018"
"","Nouvelle exp√©rience tr√®s agr√©able dans ces nouveaux cottages tout confort. Une salle de bain extra ordinaire avec sa baignoire double sa cabine de douche tr√®s grande.Le lit est haut et confortable avec son surmatelas. Le s√©jour et la cuisine sont √©l√©gants.","Date du s√©jour : d√©cembre 2018"
"","Nous avons s√©journ√© en couple avec un enfant de moins de 2 ans dans un cottage exclusif (2 personnes) avec vue sur les Vosges + location d'une voiturette pour circuler dans le Parc.Le cottage est tr√®s beau, bien agenc√© et propre.Notre voiturette nous attend devant...Plus","Date du s√©jour : d√©cembre 2018"
"","Bonjour, Nous avons s√©journ√© 5 jours au center parc des trois for√™ts dans un cottage exclusive 2 personnes. Le cottage est top, avec une belle terrasse, un jacuzzi au top pour 2 personnes et un sauna sur la terrasse. Il faudrait par contre revoir le...Plus","Date du s√©jour : d√©cembre 2018"
"","Un moment superbe au Center Parcs des Trois For√™ts... malgr√© quelques soucis de d√©part g√©r√© avec professionnalisme par le responsable et deux autres personnes, le tout a bien fini.. le cottage exclusif √† sauna baignoire √† bulles et hammam. Les matins nous avions pris les...Plus","Date du s√©jour : d√©cembre 2018"
"","Plus","Date du s√©jour : d√©cembre 2018"
"","","Date du s√©jour : d√©cembre 2018"
"","le cottage est g√©nial ainsi que l'ambiance g√©n√©rale du parc. Un lieu id√©al pour passer des vacances en famille avec pleins d'activit√©s. En revanche,vision d'un adulte, tr√®s d√©√ßus du complexe de la piscine carbeaucoup trop de monde le week end, pas de chaises longues et...Plus","Date du s√©jour : d√©cembre 2018"
"","Parc r√©cent mais d√©j√† vieillissant par manque d'entretien.Absence totale d'√©clairage des all√©es de notre cottage a l'aquamundo ( noir total) tr√®s dangereux !Activit√© on√©reuse dans la bulle des adolescents. Activit√© nombreuse dans l'aquamundo. Centre de baln√©oth√©rapie √† faire absolument : cadre magnifique (piscine sal√©e ,...Plus","Date du s√©jour : d√©cembre 2018"
"","Prestations du cottage tr√®s d√©cevante, beaucoup de choses qui ne marchait pas o√π cass√© ( lits, TV, lampe.....) Nettoyage salon √† l'arriv√©e tr√®s d√©cevante, nombreuses toiles d'araign√©e. Prestations manquantes pour les clients fid√®les, kit b√©b√© manquant alors que r√©server √©t√© plus de 2 mois avant,...Plus","Date du s√©jour : d√©cembre 2018"
"","Magnifique cadre en pleine nature, nombreuses activit√©s (malheureusement pour beaucoup payantes). id√©al en amoureux ou en famille ou entre amis, pour se ressourcer, se reposer, se d√©tendre, profiter de la nature, passer d‚Äôagr√©ables moments... Resto excellents et Aqua Mundo g√©nial !","Date du s√©jour : juillet 2018"
"","center parcs est un lieu tr√®s agr√©able pour passer quelques jours en famille et profiter de la nature pour se ressourcer. Nous avons pu nous d√©connecter de la vie quotidienne et savourer ces moments avec notre famille dans un cottage spacieux et bien √©quip√© (cottage...Plus","Date du s√©jour : d√©cembre 2018"
"","","Date du s√©jour : d√©cembre 2018"
"","agr√©able s√©jour, dans un cottage tr√®s bien am√©nag√©, environnement calme multitude d'activit√©s propos√©e, de nombreux endroits pour se restaurer, avec un personnel agr√©able et √† l'√©coutele seul b√©mol est la grandeur du parc, nous √©tions situ√©s loin de l'aqua mundo, par mauvais temps il est...Plus","Date du s√©jour : d√©cembre 2018"
"","S√©jour de 4jours top Tout est pens√© pour la famille et surtout avec bb. Table a langer, kit bb dans les cottages, chaise haute dans les restaurants mais aussi les bars et m√™me la piscine. On trouve aussi des Parc √† la piscine. Cottage spacieux...personnel...Plus","Date du s√©jour : d√©cembre 2018"
"","Plus","Date du s√©jour : d√©cembre 2018"
"","","Date du s√©jour : d√©cembre 2018"
"","","Date du s√©jour : d√©cembre 2018"
"","Plus","Date du s√©jour : d√©cembre 2018"
"","S√©jour du 10 au 14 d√©cembre dans un cottage Confort Eden, nous sommes partis √† 4 le s√©jour √©tait √† 199 euros plus 29 euros de frais de dossier et 43 euros pour choisir notre emplacement (pas du luxe vu la taille et les pente...Plus","Date du s√©jour : d√©cembre 2018"
"","Nous avons voulu partir en famille nous deux et nos deux enfants de moins de 2 ans durant un s√©jour en cottage comfort pour 4 personnes de 5 jours. Arriv√©s le samedi √† 16h30 nous avons pos√© nos bagages et avons pris place dans le...Plus","Date du s√©jour : d√©cembre 2018"
"","Nous avons s√©journ√© dans un cottage exclusive et avons pass√© un bon s√©jour. Le cottage est spacieux, bien agenc√© et d√©cor√© avec go√ªt. La salle de bain est dot√©e d‚Äôune baignoire double avec jets et jeux de lumi√®res, fort appr√©ciable. La literie est tr√®s bonne....Plus","Date du s√©jour : d√©cembre 2018"
"","Connaissant les Center parc depuis un moment, c‚Äôest la premi√®re fois que je suis autant d√©√ßu. Oblig√© de prendre la voiture pour aller au centre,ce qui perd le charme de center parc. la voiturette √©tant trop ch√®re et inutile car il fait trop froid. Les...Plus","Date du s√©jour : d√©cembre 2018"
"","Magnifique s√©jour (du lundi au vendredi) Cottage VIP 6 personnes grand, tr√®s bien agenc√© et √©quip√©. 3 chambres, 3 salles de bains, une √©norme pi√®ce de vie. Aquamundo tr√®s agr√©able, 30 degr√©s √† l'int√©rieur, l'eau √† 29 degr√©s. Pas beaucoup de monde donc pas d'attente...Plus","Date du s√©jour : d√©cembre 2018"
"","Un espace au milieu de nul part, tr√®s vaste. Une lieu de vie qui m√©lange boutique resto et surtout un espace aquatique in door et out door incontournable. Voiture obligatoire pour bouger dans le parc !","Date du s√©jour : d√©cembre 2018"
"","Nous revenons tout juste d'un s√©jour de 2 nuit√©es en cottage Premium. Cottage moderne, calme et fonctionnel, tr√®s bonne literie; mais manque de certains √©quipements (savon dans les toilettes, produit vaisselle, couette suppl√©mentaire, et drap pour lit b√©b√©). La temp√©rature dans le cottage √©tait plut√¥t...Plus","Date du s√©jour : d√©cembre 2018"
"","Jusqu'a aujourd'hui 12/12/2018 mais pas la moindre excuse pour des vacances d√©sastreuses... Cottage d√©labr√©, 2 casseroles pour 8 personnes, lave vaiselle cass√©, frgo casse, ect.... jours pour r√©par√©. PLus jamais Cneter parc!!!!!","Date du s√©jour : novembre 2018"
"","S√©jour en famille agr√©able mais le froid et la pluie ont un peu g√¢ch√© l'ambiance. Il ne fait pas tr√®s chaud dans le cottage, utiliser une chemin√©e non s√©curis√©e avec un bebe de 17 mois √©tait inimaginable. La voiturette √©lectrique est essentielle mais h√©las elle...Plus","Date du s√©jour : d√©cembre 2018"
"","Habitu√© de Center Parcs cette ann√©e nous d√©couvrons les nouveaux Cottages Exclusives. Le confort est r√©ellement au rdv. D√©coration magnifique, √©quipement impeccable, parfaitement propre. Un vrai nid douillet en pleine nature. Tout est rassembl√© pour se d√©tendre. Si nous pouvions y vivre √† l'ann√©e √ßa...Plus","Date du s√©jour : d√©cembre 2018"
"","Bien avertir les clients quand ils reservent que l'aqua mondo sera ferm√© ou tres partiellement ouvert si ils comptent faire vidange, essayer de baisser les prix des activit√©s supplementaire, on y laisse un bras!","Date du s√©jour : d√©cembre 2018"
"","La parc est situ√© en pleine foret et les activit√©s sont nombreuses et diversifi√©es.Le cottage est tr√®s propre et tout le mat√©riel n√©cessaire s'y trouve excepte un four mais cela ne d√©range pas trop.A refaire","Date du s√©jour : d√©cembre 2018"
"","un chouette s√©jour en famille juste un b√©mol concernant le d√©chargement des voitures et l'acc√®s avec les bagages vers le bungalow l'espace aquamundo est tr√®s chouette, les enfants se sont √©clat√©s la vaisselle √©tait sale, dommage","Date du s√©jour : d√©cembre 2018"
"","Cottage 238 agr√©able et propre avec chemin√©e et sauna en option. Les enfants √©taient vraiment √† l‚Äôaise ..... belle terrasse nous n‚Äôavons pas eu la chance de voir les cerfs mais beaucoup de chats ce qui a fait le bonheur des enfants. Le wifi ce...Plus","Date du s√©jour : d√©cembre 2018"
"","Cher client, Tout d‚Äôabord, je souhaite vous remercier d‚Äôavoir choisi le Domaine des Trois For√™ts pour votre s√©jour et suis d√©sol√©e de voir que votre premi√®re exp√©rience parmi nous ne s‚Äôest pas d√©roul√©e comme vous l‚Äôaviez esp√©r√© et je tiens √† m‚Äôen excuser. En ce...Plus","Date du s√©jour : d√©cembre 2018"
"","Plus","Date du s√©jour : novembre 2018"
"","Cher client, Je regrette sinc√®rement de lire votre d√©ception et vous comprend pleinement. Je suis navr√©e d‚Äôapprendre que vous n‚Äôayez pas √©t√© pr√©venu en amont en ce qui concerne la vidange annuelle et m‚Äôen excuse vivement. Toutefois celle-ci √©tant obligatoire une fois par an nous...Plus","Date du s√©jour : d√©cembre 2018"
"","Nous arrivons √† Center Parcs les 3 Forets Vendredi 16 Novembre 2018 au soir (environ 20h). Nous sommes 4. Nous avons r√©serv√© au Cottage VIP. Nous d√©chargeons toutes nos affaires sur l'aire pr√©vue √† cet effet et nous allons garer notre voiture au parking. Nous...Plus","Date du s√©jour : novembre 2018"
"","Cher client, Je suis navr√©e d'apprendre votre m√©contentement suite √† votre s√©jour au Domaine des Trois For√™ts et vous comprend. Je suis vraiment d√©sol√©e que vous ayez eu ce sentiment, toutefois la piscine √† vague, la piscine ext√©rieure, les jacuzzis et la rivi√®re lente √©taient...Plus","Date du s√©jour : d√©cembre 2018"
"","Cher Client, Je regrette de lire que votre s√©jour dans notre domaine des Trois For√™ts ne s‚Äôest pas d√©roul√© selon vos attentes. Je suis navr√©e d‚Äôapprendre que vous n‚Äôayez pas √©t√© pr√©venu en amont en ce qui concerne la vidange annuelle et m‚Äôen excuse vivement....Plus","Date du s√©jour : d√©cembre 2018"
"","Cher client, Je regrette sinc√®rement de lire votre d√©ception et vous comprend pleinement. Je suis navr√©e d‚Äôapprendre que vous n‚Äôayez pas √©t√© pr√©venu en amont en ce qui concerne la vidange annuelle et m‚Äôen excuse vivement. Toutefois celle-ci √©tant obligatoire une fois par an nous...Plus","Date du s√©jour : d√©cembre 2018"
"","Tr√®s grande surface pour les promenades. Une fois arriv√© tr√®s d√©√ßu car la rivi√®re sauvage et les toboggans en entretien. La r√©ception me dit que mon comit√© d‚Äôentreprise aurait d√ª me pr√©venir peut importe un beau geste commercial est fait, merci √† la r√©ception. Nous...Plus","Date du s√©jour : d√©cembre 2018"
"","Cher Client, Je regrette de lire que votre s√©jour dans notre domaine des Trois For√™ts ne s‚Äôest pas d√©roul√© selon vos attentes. Je suis navr√©e d‚Äôapprendre que vous n‚Äôayez pas √©t√© pr√©venu en amont en ce qui concerne la vidange annuelle et m‚Äôen excuse vivement....Plus","Date du s√©jour : novembre 2018"
"","J ai aim√© les trois for√™ts Belle environnement de for√™t sauvage et de parfum avec des cours d eau magnifique et les diff√©rentes activit√©s qui propose √† tout √¢ge la ferme p√©dagogique tr√®s sympa pour les enfants","Date du s√©jour : novembre 2018"
"","Plus","Date du s√©jour : novembre 2018"
"","Bonjour, Je vous remercie d‚Äôavoir s√©journ√© dans notre domaine mosellan Les Trois For√™ts et d‚Äôavoir partag√© votre exp√©rience avec la communaut√© TripAdvisor. Je regrette toutefois de lire votre d√©ception suite √† votre moment parmi nous. Il est vrai que pour l‚Äôinstant notre r√©seau est limit√©...Plus","Date du s√©jour : d√©cembre 2018"
"","Bonjour, J‚Äôai lu votre avis avec beaucoup d‚Äôattention. Je suis navr√©e d‚Äôapprendre que l‚Äô√©lectrom√©nager de votre cottage n‚Äô√©tait pas √† la hauteur de vos attentes et tiens √† m‚Äôen excuser. Malgr√© les fra√Æches temp√©ratures ressenties √† l‚ÄôAqua mundo j‚Äôesp√®re que vous avez pu profiter des...Plus","Date du s√©jour : d√©cembre 2018"
"","Changer la literie , mettre plus de cintre , avoir une eau plus chaude a la piscine et plus chaud quand on sort de la piscine , plus de douche . Cottage agr√©able . Manque juste un four a la place du micro onde .","Date du s√©jour : novembre 2018"
"","","Date du s√©jour : novembre 2018"
"","Plus","Date du s√©jour : novembre 2018"
"","Cher Client, Je tiens tout d‚Äôabord √† vous remercier pour votre fid√©lit√© envers Center Parcs. Je regrette cependant de lire que votre s√©jour dans notre domaine des Trois For√™ts ne s‚Äôest pas d√©roul√© selon vos attentes. Je suis navr√©e d‚Äôapprendre que vous n‚Äôayez pas √©t√©...Plus","Date du s√©jour : d√©cembre 2018"
"","Cher Client, Je regrette sinc√®rement de voir que diff√©rents points n√©gatifs sont venus nuire √† la qualit√© de votre s√©jour. Il est vrai que le domaine des Trois For√™ts est grand (435 hectares pour √™tre exacte) et que donc les d√©placements peuvent √™tre parfois longs....Plus","Date du s√©jour : d√©cembre 2018"
"","Hors saison (mi novembre ) et en cottage vip, c'est royal ! Cottage 806 un peu loin de l'aqua mondo mais en v√©lo √©lectrique c'est parfait. Mis √† part le dimanche o√π vraiment il y a du monde, le reste de la semaine √©tait vraiment...Plus","Date du s√©jour : novembre 2018"
"","Beaucoup trop de jeux en panne dans les espaces collectifs. Bowling pas bien entretenu.Mobilier d√©t√©rior√© dans le cottage. Appareil √©lectrique d√©fectueux. Une activit√© sur deux √©tait disponible pour les enfants","Date du s√©jour : novembre 2018"
"","Bonjour Maxime, Effectivement, une partie de nos bassins est ferm√©e en raison de travaux de maintenance. Je regrette que vous n'ayez pas eu l'information au moment de votre r√©servation, un encart est pourtant bien pr√©sent sur notre site Internet.. Je comprends cependant votre d√©ception et...Plus","Date du s√©jour : d√©cembre 2018"
"","Super cottage avec equipements haut de gamme malgr√© quelques soucis (pas d'eau chaude √† notre arrivee pas de lit b√©b√© pour notre b√©b√© pas de wifi et pas de t√©l√© pendant 24h' seche serviette non fonctionnel) et super aquamundo avec des d√©cors au top malgre...Plus","Date du s√©jour : novembre 2018"
"","Tr√®s bel endroit, propre, calme, reposant. Cottage niveau confort en 2017 puis VIP en 2018 nous sommes tr√®s satisfait des deux, le confort en ce qui concerne la literie est la m√™me dans l'un ou l'autre. En ce qui concerne la salle-de-bain du VIP elle...Plus","Date du s√©jour : novembre 2018"
"","Deuxi√®me visite aux 3 for√™ts. Cette fois cottage 6 personnes. Bien plus agr√©able que le 4 personnes.Tout est plut√¥t pas mal, m√™me si la table basse demande √† √™tre renforc√© et qu'on lit est bancale. Manque un peu de couverts... Juste le compte, contrairement aux...Plus","Date du s√©jour : d√©cembre 2018"